# GPU: NVIDIA GeForce RTX 4090; Julia: 1.12.6
type,n,m,batch,stage,threads,registers,local_bytes,shared_bytes,first_seconds,kernel_us,host_us
Float32,3,2,8192,initialise,128,48,32,2640,9.496434995,6.08000027568778,18.969
Float32,3,2,8192,backward_step,128,65,32,5128,1.356062675,10.239999937766697,25.539
Float32,3,2,8192,sr_weight,128,50,32,2796,0.759797135,8.991999493446201,19.425
Float32,3,2,8192,cov_weight,128,46,32,4620,0.741242429,7.168000138335628,17.877
Float32,8,4,8192,initialise,128,72,32,5536,0.687976954,9.21600076253526,22.424
Float32,8,4,8192,backward_step,128,103,32,11216,1.225901105,21.279999600665178,36.269999999999996
Float32,8,4,8192,sr_weight,128,67,32,6240,0.862743637,18.43200152507052,29.6655
Float32,8,4,8192,cov_weight,128,66,32,10784,0.614835067,13.408000086201355,24.1265
Float32,16,6,8192,initialise,128,115,32,10064,1.17643215,25.072000426007435,41.632999999999996
Float32,16,6,8192,backward_step,128,159,32,21464,3.796822918,115.96799959079362,132.671
Float32,16,6,8192,sr_weight,128,120,32,12800,3.258597458,78.6560049164109,89.86099999999999
Float32,16,6,8192,cov_weight,128,98,32,21472,0.979567796,46.08000017469749,57.262
Float64,9,4,8192,initialise,128,124,32,10080,1.130297614,144.89600289380178,172.767
Float64,9,4,8192,backward_step,128,190,32,21568,2.018933909,473.08800276368856,505.903
Float64,9,4,8192,sr_weight,128,149,32,11112,1.640348961,412.60800207965076,438.265
Float64,9,4,8192,cov_weight,128,102,32,20936,0.92926848,204.33599274838343,227.685
