precision,D,batch,threads,policy,registers,local_bytes,shared_bytes,active_blocks,theoretical_occupancy,planner_live_elements,planner_live_32bit_words,relative_error,compile_seconds,status,median_us,p25_us,p75_us
Float64,32,8193,32,register,255,528,33792,4,0.0625,160,320,5.220367149717054e-16,60.689007732,local_memory,3614.1056567430496,3613.286465406418,3615.6930029392242
Float64,32,8193,32,register_reuse_common,255,528,16896,8,0.125,160,320,5.220367149717054e-16,55.158503415,local_memory,3107.2255223989487,3105.228766798973,3108.147159218788
Float64,32,8193,32,shared_H_predicted,254,32,42240,3,0.046875,96,192,5.220367149717054e-16,26.102925092,local_memory,3295.743837952614,3295.3858375549316,3296.2046563625336
Float64,32,8193,32,shared_H_predicted_reuse_common,254,32,25344,6,0.09375,96,192,5.220367149717054e-16,25.662400729,local_memory,1746.6368153691292,1746.1759969592094,1747.763343155384
Float64,32,8193,64,register,255,552,42240,3,0.09375,160,320,5.577957689206337e-16,54.376427165,local_memory,2989.772707223892,2989.107184112072,2993.6129227280617
Float64,32,8193,64,register_reuse_common,255,536,25344,4,0.125,160,320,5.577957689206337e-16,53.336837466,local_memory,2975.3856360912323,2973.8496989011765,2976.972796022892
Float64,32,8193,64,shared_H_predicted,238,32,59136,2,0.0625,96,192,5.577957689206337e-16,25.908424434,local_memory,2537.676878273487,2531.430497765541,2542.182430624962
Float64,32,8193,64,shared_H_predicted_reuse_common,254,32,42240,3,0.09375,96,192,5.577957689206337e-16,26.152304644,local_memory,1748.0192705988884,1746.8927428126335,1748.4800890088081
Float64,32,8193,128,register,255,552,59104,2,0.125,160,320,5.7349392442767e-16,53.962421069,local_memory,2844.4672003388405,2843.852713704109,2845.081500709057
Float64,32,8193,128,register_reuse_common,255,528,42208,2,0.125,160,320,5.7349392442767e-16,54.278976417,local_memory,2994.7390779852867,2994.227223098278,2995.1998963952065
Float64,32,8193,128,shared_H_predicted,238,32,92864,1,0.0625,96,192,5.7349392442767e-16,26.267823811,local_memory,2540.1344522833824,2539.0593335032463,2540.5438616871834
Float64,32,8193,128,shared_H_predicted_reuse_common,254,32,75968,2,0.125,96,192,5.7349392442767e-16,25.885460236,local_memory,1469.952054321766,1465.8560045063496,1471.1296185851097
