workload,policy,D,N,threads,registers,shared_bytes,local_bytes,occupancy,peak_register_elements,kernel_us,q25_us,q75_us,end_to_end_us,logical_GBs
covariance_step,legacy,8,8192,128,52,14756,0,0.5000,-1,13.261,13.158,13.515,55.814,316.293
covariance_step,dual,8,8192,128,48,23524,0,0.3333,0,13.259,13.158,13.414,67.953,316.332
covariance_step,single,8,8192,128,56,18020,0,0.4167,0,12.541,12.390,12.546,68.294,334.453
covariance_step,input_register,8,8192,128,56,18020,0,0.4167,8,12.606,12.544,12.646,75.645,332.712
covariance_step,register,8,8192,128,80,5348,0,0.5000,32,10.189,10.138,10.394,73.552,411.658
covariance_step,balanced_mul,8,8192,128,80,13796,0,0.5000,32,10.291,10.245,10.445,80.792,407.562
covariance_step,balanced_factor,8,8192,128,64,18020,0,0.4167,24,12.544,12.485,12.902,67.813,334.367
covariance_step,legacy,8,8192,64,52,7940,0,0.4583,-1,13.107,13.061,13.197,52.339,320.000
covariance_step,single,8,8192,64,56,9572,0,0.3750,0,12.586,12.528,12.739,66.531,333.262
covariance_step,register,8,8192,64,80,3236,0,0.5000,32,10.254,10.189,10.394,67.482,409.025
covariance_step,legacy,8,8192,256,52,28388,0,0.5000,-1,13.107,13.005,13.253,59.640,320.000
covariance_step,single,8,8192,256,56,34788,0,0.3333,0,13.005,12.902,13.061,87.763,322.520
covariance_step,register,8,8192,256,80,9540,0,0.5000,32,10.490,10.446,10.598,65.860,399.854
covariance_step,legacy,16,8192,128,96,30236,0,0.2500,-1,70.656,70.554,70.963,135.576,237.449
covariance_step,dual,16,8192,128,80,47356,0,0.1667,0,72.102,71.936,72.448,334.686,232.686
covariance_step,single,16,8192,128,96,38012,0,0.1667,0,68.506,68.293,68.762,156.196,244.903
covariance_step,input_register,16,8192,128,96,38012,0,0.1667,16,68.557,68.506,68.659,292.793,244.720
covariance_step,register,16,8192,128,168,12668,0,0.2500,64,51.149,51.046,51.699,173.402,328.008
covariance_step,balanced_mul,16,8192,128,144,29564,0,0.2500,64,51.149,50.840,51.456,139.762,328.008
covariance_step,balanced_factor,16,8192,128,128,38012,0,0.1667,48,69.478,69.216,69.478,171.119,241.474
covariance_step,legacy,16,8192,64,96,17276,0,0.2083,-1,76.339,76.032,76.493,164.809,219.772
covariance_step,single,16,8192,64,96,21116,0,0.1667,0,69.581,69.474,69.683,175.435,241.118
covariance_step,register,16,8192,64,168,8444,0,0.2500,64,52.018,51.552,52.170,142.946,322.530
covariance_step,register,16,8192,256,168,21084,0,0.1667,64,57.856,57.798,57.958,151.128,289.982
matmul_probe,single_row,32,8192,64,48,25336,0,0.1250,0,74.789,74.701,75.002,160.473,504.738
matmul_probe,register_row,32,8192,64,128,8440,0,0.3333,96,65.734,65.650,66.158,138.690,574.262
matmul_probe,single_col,32,8192,64,48,25336,0,0.1250,0,25.739,25.336,25.856,82.094,1466.586
matmul_probe,register_col,32,8192,64,56,8440,0,0.4167,36,19.866,19.603,19.968,63.346,1900.206
solve_probe,single_row,32,8192,64,56,25336,0,0.1250,0,84.787,84.736,84.992,154.404,445.217
solve_probe,register_row,32,8192,64,115,8440,0,0.3333,96,48.538,48.077,48.640,118.489,777.722
solve_probe,single_col,32,8192,64,40,25336,0,0.1250,0,76.134,76.083,76.186,148.655,495.817
solve_probe,register_col,32,8192,64,64,8440,0,0.4167,36,30.154,29.891,30.259,92.390,1251.882
covariance_step,register,32,8192,128,255,33788,0,0.1667,128,374.323,374.067,375.398,988.977,179.281
covariance_step,legacy,32,8192,64,166,42236,0,0.0833,-1,802.406,802.235,803.482,1399.719,83.635
covariance_step,register,32,8192,64,255,25340,0,0.1250,128,494.592,494.029,495.411,1179.726,135.685
covariance_step,legacy,32,8192,32,168,29564,0,0.0625,-1,1037.718,1037.352,1037.925,1909.971,64.670
covariance_step,single,32,8192,32,167,33788,0,0.0417,0,1613.602,1613.466,1613.773,2273.152,41.589
covariance_step,register,32,8192,32,255,21116,0,0.0833,128,729.434,728.573,729.754,1384.576,92.001
covariance_step,balanced_mul,32,8192,32,237,29564,0,0.0625,128,976.384,976.213,976.938,1737.800,68.732
covariance_step,balanced_factor,32,8192,32,168,33788,0,0.0417,96,1633.331,1633.072,1633.894,2334.674,41.087
covariance_step,balanced_mul,32,8192,64,237,42236,0,0.0833,128,757.150,756.693,757.550,1444.506,88.633
covariance_step,legacy,32,131072,64,166,42236,0,0.0833,-1,12408.265,12407.494,12408.525,15551.301,86.534
covariance_step,register,32,131072,128,255,33788,0,0.1667,128,5854.720,5845.043,5859.123,9662.286,183.398
covariance_step,balanced_mul,32,131072,64,237,42236,0,0.0833,128,11654.187,11653.223,11654.846,14700.633,92.134
