output_staging,workload,policy,D,N,threads,registers,shared_bytes,local_bytes,occupancy,relative_max_error,compile_s,status
row,covariance_step,register,32,8193,32,255,4220,0,0.1667,2.82928e-07,23.174,admitted
row,covariance_step,shared_H,32,8193,32,255,8444,0,0.1667,2.82928e-07,16.627,admitted
row,covariance_step,shared_predicted,32,8193,32,255,4220,0,0.1667,2.82928e-07,18.036,admitted
row,covariance_step,shared_factor,32,8193,32,255,4220,0,0.1667,2.82928e-07,19.498,admitted
row,covariance_step,shared_H_predicted,32,8193,32,255,8444,0,0.1667,2.82928e-07,13.987,admitted
row,covariance_step,register,32,8193,128,255,16880,0,0.1667,2.82928e-07,21.091,admitted
row,covariance_step,shared_H,32,8193,128,255,33776,0,0.1667,2.82928e-07,16.234,admitted
row,covariance_step,shared_predicted,32,8193,128,255,16880,0,0.1667,2.82928e-07,17.958,admitted
row,covariance_step,shared_factor,32,8193,128,255,16880,0,0.1667,2.82928e-07,19.838,admitted
row,covariance_step,shared_H_predicted,32,8193,128,255,33776,0,0.1667,2.82928e-07,14.664,admitted
col,covariance_step,register,32,8193,32,255,4220,120,0.1667,2.82928e-07,17.256,spilling
col,covariance_step,shared_H,32,8193,32,255,8444,0,0.1667,2.82928e-07,10.215,admitted
col,covariance_step,shared_predicted,32,8193,32,255,4220,72,0.1667,2.82928e-07,12.161,spilling
col,covariance_step,shared_factor,32,8193,32,255,4220,72,0.1667,2.82928e-07,11.692,spilling
col,covariance_step,shared_H_predicted,32,8193,32,255,8444,0,0.1667,2.82928e-07,8.033,admitted
col,covariance_step,register,32,8193,128,255,16880,120,0.1667,2.82928e-07,13.725,spilling
col,covariance_step,shared_H,32,8193,128,255,33776,0,0.1667,2.82928e-07,9.900,admitted
col,covariance_step,shared_predicted,32,8193,128,255,16880,72,0.1667,2.82928e-07,11.995,spilling
col,covariance_step,shared_factor,32,8193,128,255,16880,72,0.1667,2.82928e-07,11.441,spilling
col,covariance_step,shared_H_predicted,32,8193,128,255,33776,0,0.1667,2.82928e-07,8.110,admitted
