run,graph,D,order,policy,threads,registers,shared_bytes,local_bytes,theoretical_occupancy,relative_error,median_us,p25_us,p75_us
initial,reused,32,natural,register,64,255,8440,0,0.16666666666666666,0,399.19838309288025,392.1407740563154,407.8544210642576
initial,reused,32,natural,shared_X,64,255,8440,0,0.16666666666666666,0,405.758386477828,404.47995997965336,421.0175946354866
initial,reused,32,natural,shared_XY,64,168,16888,0,0.20833333333333334,0,479.52798195183277,477.2863816469908,496.6239910572767
initial,reused,32,natural,register,128,255,16880,0,0.16666666666666666,0,393.11358705163,392.54240691661835,408.9808091521263
initial,reused,32,natural,shared_X,128,255,16880,0,0.16666666666666666,0,399.25756864249706,398.2287831604481,414.31039571762085
initial,reused,32,natural,shared_XY,128,168,33776,0,0.16666666666666666,0,410.36801412701607,410.2047998458147,426.70080438256264
initial,reused,32,register_min,register,64,249,8440,0,0.16666666666666666,0,406.11838921904564,391.88480004668236,408.720038831234
initial,reused,32,register_min,shared_XY,64,255,16888,0,0.16666666666666666,0,449.17757622897625,434.26561169326305,452.7952056378126
initial,reused,16,natural,register,64,168,4216,0,0.25,0,54.491200717166066,54.476800141856074,54.52799960039556
initial,reused,16,natural,shared_XY,64,128,8440,0,0.3333333333333333,0,56.422402849420905,56.417600717395544,56.422402849420905
initial,reused,16,natural,register,128,168,8432,0,0.25,0,54.52960031107068,54.52799960039556,54.579199058935046
initial,reused,16,natural,shared_XY,128,128,16880,0,0.3333333333333333,0,56.427199160680175,56.422402849420905,56.47360230796039
initial,retained,32,natural,register,64,255,8440,0,0.16666666666666666,0,392.81919598579407,391.9311799108982,393.67680437862873
initial,retained,32,natural,shared_X,64,218,8440,0,0.16666666666666666,0,400.22083558142185,399.9744076281786,400.85441432893276
initial,retained,32,natural,shared_XY,64,168,16888,0,0.20833333333333334,0,408.0463666468859,406.984006986022,417.68960654735565
initial,retained,32,natural,register,128,255,16880,0,0.16666666666666666,0,393.6848137527704,393.0735867470503,394.4959957152605
initial,retained,32,natural,shared_X,128,218,16880,0,0.16666666666666666,0,401.91998705267906,401.198398321867,402.0736087113619
initial,retained,32,natural,shared_XY,128,168,33776,0,0.16666666666666666,0,411.0415931791067,410.1488273590803,411.90399788320065
initial,retained,16,natural,register,64,168,4216,0,0.25,0,54.476800141856074,54.476800141856074,54.476800141856074
initial,retained,16,natural,shared_XY,64,128,8440,0,0.3333333333333333,0,56.28640064969659,56.268798653036356,56.31999811157584
initial,retained,16,natural,register,128,168,8432,0,0.25,0,54.476800141856074,54.470403119921684,54.476800141856074
initial,retained,16,natural,shared_XY,128,128,16880,0,0.3333333333333333,0,56.30879895761609,56.268798653036356,56.31200037896633
reproducer,retained,32,natural,register,64,255,8440,0,0.16666666666666666,0,407.80799463391304,392.9087892174721,408.11519138514996
reproducer,retained,32,natural,shared_X,64,218,8440,0,0.16666666666666666,0,400.4816059023142,400.1728259027004,416.25602170825005
reproducer,retained,32,natural,shared_XY,64,168,16888,0,0.20833333333333334,0,423.04801754653454,407.24477730691433,423.6800130456686
reproducer,retained,32,natural,register,128,255,16880,0,0.16666666666666666,0,408.93438272178173,393.57440546154976,409.4863776117563
reproducer,retained,32,natural,shared_X,128,218,16880,0,0.16666666666666666,0,401.8175881356001,401.4079924672842,417.4687899649143
reproducer,retained,32,natural,shared_XY,128,168,33776,0,0.16666666666666666,0,426.8032032996416,410.92317551374435,427.2656049579382
