D,CPU (multithreaded),JAX (vmap),MAGMA (non-strided),Ours,Ours (vmap),SOL
2,9.10029104e-10,1.0576179027557374e-9,1.610495392e-9,3.5094176e-11,5.2119583999999996e-11,3.174603174603175e-11
3,1.752227877982177e-9,2.2260282755629745e-9,2.0617310715061512e-9,1.600541627195667e-10,1.9141786646865706e-10,7.142857142857143e-11
4,3.2191033088e-8,3.730309009552002e-9,2.655754112e-9,4.13563904e-10,4.72505728e-10,1.26984126984127e-10
5,9.59040912e-8,5.854272469878196e-9,4.3571836e-9,8.290647999999999e-10,8.889074e-10,1.984126984126984e-10
6,1.2549445384124234e-7,8.259482619766488e-9,6.152320861880127e-9,1.3127152259517895e-9,1.427453536250408e-9,2.857142857142857e-10
7,1.5683666108589462e-7,1.0995177549321369e-8,8.45853758161928e-9,2.1354461605764907e-9,2.2595131517929487e-9,3.8888888888888887e-10
8,7.922191936e-7,1.3173063278198242e-8,8.386482176e-9,2.54078592e-9,2.719167488e-9,5.07936507936508e-10
9,9.786745465620363e-7,2.0370009789457063e-8,1.3951091555912676e-8,4.196406192287505e-9,4.514136766869059e-9,6.428571428571428e-10
10,1.332837434e-6,2.448577284812927e-8,1.69217056e-8,5.2615796e-9,5.6772548e-9,7.936507936507936e-10
11,1.4360831405400277e-6,2.8816704862187638e-8,1.7916443220032176e-8,8.642693827452088e-9,9.219759200354675e-9,9.603174603174602e-10
12,1.8114770032117744e-6,3.3615325167569846e-8,2.3813357663560877e-8,9.839903761969273e-9,1.0564157151151537e-8,1.1428571428571428e-9
13,5.14433600578656e-7,3.9111193999822256e-8,2.5985497096580116e-8,1.2444040046238399e-8,1.3347285522108578e-8,1.3412698412698413e-9
14,2.5787314106021737e-6,4.562574054087107e-8,3.261048896443154e-8,1.880356907657474e-8,1.956616637083775e-8,1.5555555555555555e-9
