D,CPU (multithreaded),JAX (vmap),MAGMA (non-strided),MAGMA (strided),Ours,Ours (vmap),SOL,cuBLAS (strided)
2,9.308752e-10,5.464886128902435e-11,7.7019328e-11,1.559776064e-9,5.2582207999999996e-11,6.9047616e-11,4.7619047619047616e-11,9.61292288e-10
3,2.0999963352000293e-9,1.2311459979270923e-10,1.4087253487301973e-10,1.6219959710240322e-9,1.180196990558424e-10,1.5549343075605254e-10,1.0714285714285715e-10,1.326466357388269e-9
4,4.171938048000001e-9,2.2176311910152436e-10,2.3090060800000001e-10,1.70481056e-9,2.1115891200000002e-10,2.76531456e-10,1.9047619047619046e-10,1.341726336e-9
5,5.8658395e-9,3.436594968661666e-10,3.472076e-10,1.8186777e-9,3.242622e-10,4.3194820000000004e-10,2.976190476190476e-10,2.1281894e-9
6,8.41983075395791e-9,4.97533433450544e-10,4.888539704967106e-10,1.9514833868677213e-9,4.670281833856869e-10,6.220055566707554e-10,4.285714285714286e-10,3.2532268232771914e-9
7,1.1568229936170655e-8,6.853564114050608e-10,6.635002220679485e-10,2.1076488590254648e-9,6.344330368115355e-10,8.460549717152467e-10,5.833333333333333e-10,3.2115313829247195e-9
8,1.490255104e-8,8.689388036727905e-10,8.4872704e-10,2.295777792e-9,8.34164224e-10,1.1050849279999998e-9,7.619047619047619e-10,3.09964544e-9
9,1.9041930780645536e-8,1.0888249515282444e-9,1.0688674904906009e-9,2.52020949838324e-9,1.0493665800506736e-9,1.3986913641046908e-9,9.642857142857143e-10,4.419119238470461e-9
10,2.35750352e-8,1.3386639766395092e-9,1.3489304000000001e-9,2.7846376e-9,1.2961712e-9,1.7270480000000001e-9,1.1904761904761905e-9,4.8735856e-9
11,2.8774956004406335e-8,1.629491761373265e-9,1.586262339578223e-9,3.054458220158016e-9,1.5850900917470267e-9,2.0904160269800924e-9,1.4404761904761905e-9,5.354983940882313e-9
12,3.513151225266573e-8,1.949163377691154e-9,1.891740855428682e-9,3.346295630696637e-9,1.887269945717788e-9,2.498151040946667e-9,1.7142857142857144e-9,6.143668150441907e-9
13,4.14969451561222e-8,2.305089005266485e-9,2.233059102677636e-9,3.7103103515875857e-9,2.2274956229001754e-9,2.9518383819264646e-9,2.0119047619047618e-9,6.479294796828208e-9
14,4.795907917761652e-8,2.7349127170453234e-9,2.705128607178921e-9,4.1530734324726064e-9,2.5804351507473076e-9,3.4119098840308833e-9,2.333333333333333e-9,7.334803592596542e-9
15,5.831026035179172e-8,3.1082924036282637e-9,3.038750368999705e-9,4.5170441863646514e-9,2.987518809984952e-9,3.9970021023983175e-9,2.6785714285714286e-9,8.695877643297885e-9
