op,D,best_nthreads,per_d_argmin_nthreads,per_d_argmin_time_s,rule_time_s,speedup_vs_256
kalman,2,256,256,,,
kalman,3,256,256,0.0015179,0.0015179,1.0
kalman,4,256,256,0.00162188,0.00162188,1.0
kalman,5,256,224,0.00197479,0.00198844,1.0
kalman,6,256,160,0.00220922,0.00221958,1.0
kalman,7,256,224,0.00262262,0.00267227,1.0
kalman,8,256,160,0.00252335,0.00252945,1.0
kalman,9,256,192,0.00320257,0.00321082,1.0
kalman,10,128,192,0.00311508,0.00312284,1.0403
kalman,11,128,192,0.0045155,0.00456569,1.0203
kalman,12,128,128,0.0044386,0.0044386,1.0119
kalman,13,128,128,0.00437699,0.00437699,1.0123
kalman,14,128,256,0.0043393,0.00435927,0.9954
kalman,15,128,128,0.0043122,0.0043122,1.201
kalman,16,128,128,0.00422227,0.00422227,1.2026
sqrt_kalman,2,256,224,0.00522619,0.00525763,1.0
sqrt_kalman,3,256,192,0.00399597,0.00400095,1.0
sqrt_kalman,4,256,160,0.00327319,0.0032937,1.0
sqrt_kalman,5,256,256,0.00342203,0.00342203,1.0
sqrt_kalman,6,128,128,0.00360347,0.00360347,1.0171
sqrt_kalman,7,128,192,0.00449091,0.0045329,1.0241
sqrt_kalman,8,128,128,0.00438527,0.00438527,1.106
sqrt_kalman,9,128,192,0.00608841,0.00621298,0.995
sqrt_kalman,10,128,128,0.00700758,0.00700758,1.0847
sqrt_kalman,11,128,224,0.0102785,0.0103979,1.0957
sqrt_kalman,12,128,192,0.0105949,0.0112563,1.0062
sqrt_kalman,13,128,256,0.0111892,0.0112085,0.9983
sqrt_kalman,14,128,256,0.0111434,0.0129342,0.8615
sqrt_kalman,15,128,224,0.0116336,0.012946,1.4448
sqrt_kalman,16,128,96,0.0122855,0.0124651,1.4303
gauss_likelihood,2,256,256,,,
gauss_likelihood,3,256,256,,,
gauss_likelihood,4,256,256,,,
gauss_likelihood,5,256,192,0.00157978,0.00158163,1.0
gauss_likelihood,6,256,160,0.00145971,0.00146587,1.0
gauss_likelihood,7,256,192,0.00149028,0.0015268,1.0
gauss_likelihood,8,256,96,0.00135438,0.00135865,1.0
gauss_likelihood,9,256,160,0.00151919,0.00159615,1.0
gauss_likelihood,10,256,256,0.00145226,0.00145226,1.0
gauss_likelihood,11,256,256,0.00189019,0.00189019,1.0
gauss_likelihood,12,128,224,0.0018223,0.00182695,1.0802
gauss_likelihood,13,128,160,0.00184207,0.00188832,0.9957
gauss_likelihood,14,128,128,0.00180745,0.00180745,1.0063
gauss_likelihood,15,128,96,0.00183932,0.0018964,1.205
gauss_likelihood,16,128,64,0.0016239,0.00163696,1.1868
