experiment,kernel,policy,D,N,threads,registers,shared_bytes,local_bytes,occupancy,relative_max_error,compile_seconds,status
prefixes,prefix_1,register,32,8193,128,133,21116,0,0.2500,0,7.710,admitted
prefixes,prefix_1,shared_H_predicted,32,8193,128,140,21116,0,0.2500,0,0.489,admitted
prefixes,prefix_2,register,32,8193,128,156,25340,0,0.2500,0,1.364,admitted
prefixes,prefix_2,shared_H_predicted,32,8193,128,156,25340,0,0.2500,0,0.985,admitted
prefixes,prefix_3,register,32,8193,128,233,25340,0,0.1667,0,1.840,admitted
prefixes,prefix_3,shared_H_predicted,32,8193,128,156,42236,0,0.1667,0,1.371,admitted
prefixes,prefix_4,register,32,8193,128,235,29564,0,0.1667,0,2.807,admitted
prefixes,prefix_4,shared_H_predicted,32,8193,128,167,46460,0,0.1667,0,2.055,admitted
prefixes,prefix_5,register,32,8193,128,237,29564,0,0.1667,2.09522e-07,4.169,admitted
prefixes,prefix_5,shared_H_predicted,32,8193,128,167,46460,0,0.1667,2.09522e-07,2.898,admitted
prefixes,prefix_6,register,32,8193,128,237,29564,0,0.1667,3.25607e-07,5.654,admitted
prefixes,prefix_6,shared_H_predicted,32,8193,128,168,46460,0,0.1667,3.25607e-07,3.822,admitted
prefixes,prefix_7,register,32,8193,128,237,29564,0,0.1667,6.87209e-07,7.121,admitted
prefixes,prefix_7,shared_H_predicted,32,8193,128,168,46460,0,0.1667,6.87209e-07,5.119,admitted
prefixes,prefix_8,register,32,8193,128,255,29564,0,0.1667,2.58789e-07,9.568,admitted
prefixes,prefix_8,shared_H_predicted,32,8193,128,245,46460,0,0.1667,2.58789e-07,5.756,admitted
prefixes,prefix_9,register,32,8193,128,255,29564,0,0.1667,2.95389e-07,12.724,admitted
prefixes,prefix_9,shared_H_predicted,32,8193,128,245,46460,0,0.1667,2.95389e-07,6.456,admitted
product_probe,product_probe,product_probe,32,8193,128,128,16880,0,0.3333,2.53205e-07,7.561,admitted
guard_probe,covariance_step_PH,register_guard,32,8193,128,255,46460,0,0.1667,2.95389e-07,20.028,admitted
guard_probe,covariance_step_PH,shared_H_predicted_guard,32,8193,128,245,46460,0,0.1667,2.95389e-07,6.540,admitted
row_fence_probe,covariance_step_PH,register_row_fence,32,8193,128,255,46460,0,0.1667,2.95389e-07,21.414,admitted
row_fence_probe,covariance_step_PH,shared_H_predicted_row_fence,32,8193,128,251,46460,0,0.1667,2.95389e-07,7.123,admitted
