experiment,policy,cap,registers,shared_bytes,local_bytes,occupancy,median_us,p25_us,p75_us
all_batched_caps,legacy,0,167,21116,0,0.08333333333333333,863.9856241643429,862.0544336736202,864.0512824058533
all_batched_caps,register,0,255,16880,0,0.16666666666666666,664.2176304012537,663.4143646806479,665.1840172708035
all_batched_caps,register,192,192,16880,256,0.16666666666666666,837.4928496778011,837.0672352612019,837.6799523830414
all_batched_caps,register,168,168,16880,368,0.25,816.3328282535076,816.1791600286961,816.912017762661
all_batched_caps,register,128,128,16880,616,0.3333333333333333,1000.908762216568,1000.7007978856564,1001.456007361412
all_batched_caps,shared_H,0,255,33776,0,0.16666666666666666,488.39678056538105,488.2944282144308,489.36959356069565
all_batched_caps,shared_H,192,192,33776,264,0.16666666666666666,583.8335957378149,581.3839845359325,584.7040098160505
all_batched_caps,shared_H,168,168,33776,344,0.16666666666666666,786.431971937418,786.22717410326,787.0463654398918
all_batched_caps,shared_H,128,128,33776,536,0.16666666666666666,859.2399768531322,859.1792546212673,859.9984459578991
ph_batched,legacy,0,158,29564,0,0.0625,1060.8639568090439,1054.80644851923,1101.5168391168118
ph_batched,register,0,255,46460,0,0.16666666666666666,432.8447859734297,432.63998813927174,450.30396431684494
ph_batched,shared_H_predicted,0,245,46460,0,0.16666666666666666,456.7952360957861,440.7231695950031,457.83519744873047
